{"withoutLazyLoading":0.0005000000001018634,"withLazyLoading":113.19999999999982,"loadTimeImprovement":"-22639899.99538759%"}